Start (s),End (s),Scientific name,Common name,Confidence,File,lat,lon,week,min_conf
0.0,3.0,Spinus psaltria,Lesser Goldfinch,0.1869,Filtered_Without_Harmonics\Normalized_Audio\Lesser Goldfinch.wav,34.0522,-118.2437,-1,0.01
0.0,3.0,Spinus lawrencei,Lawrence's Goldfinch,0.0006,Filtered_Without_Harmonics\Normalized_Audio\Lesser Goldfinch.wav,34.0522,-118.2437,-1,0.01
0.0,3.0,Spinus pinus,Pine Siskin,0.0002,Filtered_Without_Harmonics\Normalized_Audio\Lesser Goldfinch.wav,34.0522,-118.2437,-1,0.01
0.0,3.0,Spinus tristis,American Goldfinch,0.0001,Filtered_Without_Harmonics\Normalized_Audio\Lesser Goldfinch.wav,34.0522,-118.2437,-1,0.01
0.0,3.0,Troglodytes aedon,House Wren,0.0001,Filtered_Without_Harmonics\Normalized_Audio\Lesser Goldfinch.wav,34.0522,-118.2437,-1,0.01
0.0,3.0,Passerina amoena,Lazuli Bunting,0.0001,Filtered_Without_Harmonics\Normalized_Audio\Lesser Goldfinch.wav,34.0522,-118.2437,-1,0.01
0.0,3.0,Sayornis nigricans,Black Phoebe,0.0000,Filtered_Without_Harmonics\Normalized_Audio\Lesser Goldfinch.wav,34.0522,-118.2437,-1,0.01
0.0,3.0,Polioptila caerulea,Blue-gray Gnatcatcher,0.0000,Filtered_Without_Harmonics\Normalized_Audio\Lesser Goldfinch.wav,34.0522,-118.2437,-1,0.01
0.0,3.0,Haemorhous purpureus,Purple Finch,0.0000,Filtered_Without_Harmonics\Normalized_Audio\Lesser Goldfinch.wav,34.0522,-118.2437,-1,0.01
0.0,3.0,Setophaga occidentalis,Hermit Warbler,0.0000,Filtered_Without_Harmonics\Normalized_Audio\Lesser Goldfinch.wav,34.0522,-118.2437,-1,0.01
0.0,3.0,Turdus migratorius,American Robin,0.0000,Filtered_Without_Harmonics\Normalized_Audio\Lesser Goldfinch.wav,34.0522,-118.2437,-1,0.01
0.0,3.0,Chondestes grammacus,Lark Sparrow,0.0000,Filtered_Without_Harmonics\Normalized_Audio\Lesser Goldfinch.wav,34.0522,-118.2437,-1,0.01
0.0,3.0,Eremophila alpestris,Horned Lark,0.0000,Filtered_Without_Harmonics\Normalized_Audio\Lesser Goldfinch.wav,34.0522,-118.2437,-1,0.01
0.0,3.0,Geothlypis tolmiei,MacGillivray's Warbler,0.0000,Filtered_Without_Harmonics\Normalized_Audio\Lesser Goldfinch.wav,34.0522,-118.2437,-1,0.01
0.0,3.0,Piranga ludoviciana,Western Tanager,0.0000,Filtered_Without_Harmonics\Normalized_Audio\Lesser Goldfinch.wav,34.0522,-118.2437,-1,0.01
0.0,3.0,Icterus bullockii,Bullock's Oriole,0.0000,Filtered_Without_Harmonics\Normalized_Audio\Lesser Goldfinch.wav,34.0522,-118.2437,-1,0.01
0.0,3.0,Pipilo chlorurus,Green-tailed Towhee,0.0000,Filtered_Without_Harmonics\Normalized_Audio\Lesser Goldfinch.wav,34.0522,-118.2437,-1,0.01
0.0,3.0,Melozone crissalis,California Towhee,0.0000,Filtered_Without_Harmonics\Normalized_Audio\Lesser Goldfinch.wav,34.0522,-118.2437,-1,0.01
0.0,3.0,Bubo virginianus,Great Horned Owl,0.0000,Filtered_Without_Harmonics\Normalized_Audio\Lesser Goldfinch.wav,34.0522,-118.2437,-1,0.01
0.0,3.0,Anthus rubescens,American Pipit,0.0000,Filtered_Without_Harmonics\Normalized_Audio\Lesser Goldfinch.wav,34.0522,-118.2437,-1,0.01
3.0,6.0,Passerina amoena,Lazuli Bunting,0.3273,Filtered_Without_Harmonics\Normalized_Audio\Lesser Goldfinch.wav,34.0522,-118.2437,-1,0.01
3.0,6.0,Spinus psaltria,Lesser Goldfinch,0.0909,Filtered_Without_Harmonics\Normalized_Audio\Lesser Goldfinch.wav,34.0522,-118.2437,-1,0.01
3.0,6.0,Spinus tristis,American Goldfinch,0.0122,Filtered_Without_Harmonics\Normalized_Audio\Lesser Goldfinch.wav,34.0522,-118.2437,-1,0.01
3.0,6.0,Polioptila caerulea,Blue-gray Gnatcatcher,0.0012,Filtered_Without_Harmonics\Normalized_Audio\Lesser Goldfinch.wav,34.0522,-118.2437,-1,0.01
3.0,6.0,Spinus lawrencei,Lawrence's Goldfinch,0.0008,Filtered_Without_Harmonics\Normalized_Audio\Lesser Goldfinch.wav,34.0522,-118.2437,-1,0.01
3.0,6.0,Auriparus flaviceps,Verdin,0.0006,Filtered_Without_Harmonics\Normalized_Audio\Lesser Goldfinch.wav,34.0522,-118.2437,-1,0.01
3.0,6.0,Geothlypis tolmiei,MacGillivray's Warbler,0.0004,Filtered_Without_Harmonics\Normalized_Audio\Lesser Goldfinch.wav,34.0522,-118.2437,-1,0.01
3.0,6.0,Passerina caerulea,Blue Grosbeak,0.0004,Filtered_Without_Harmonics\Normalized_Audio\Lesser Goldfinch.wav,34.0522,-118.2437,-1,0.01
3.0,6.0,Aimophila ruficeps,Rufous-crowned Sparrow,0.0003,Filtered_Without_Harmonics\Normalized_Audio\Lesser Goldfinch.wav,34.0522,-118.2437,-1,0.01
3.0,6.0,Chondestes grammacus,Lark Sparrow,0.0003,Filtered_Without_Harmonics\Normalized_Audio\Lesser Goldfinch.wav,34.0522,-118.2437,-1,0.01
3.0,6.0,Pipilo chlorurus,Green-tailed Towhee,0.0002,Filtered_Without_Harmonics\Normalized_Audio\Lesser Goldfinch.wav,34.0522,-118.2437,-1,0.01
3.0,6.0,Setophaga occidentalis,Hermit Warbler,0.0002,Filtered_Without_Harmonics\Normalized_Audio\Lesser Goldfinch.wav,34.0522,-118.2437,-1,0.01
3.0,6.0,Troglodytes aedon,House Wren,0.0002,Filtered_Without_Harmonics\Normalized_Audio\Lesser Goldfinch.wav,34.0522,-118.2437,-1,0.01
3.0,6.0,Falco sparverius,American Kestrel,0.0002,Filtered_Without_Harmonics\Normalized_Audio\Lesser Goldfinch.wav,34.0522,-118.2437,-1,0.01
3.0,6.0,Melozone aberti,Abert's Towhee,0.0002,Filtered_Without_Harmonics\Normalized_Audio\Lesser Goldfinch.wav,34.0522,-118.2437,-1,0.01
3.0,6.0,Hirundo rustica,Barn Swallow,0.0001,Filtered_Without_Harmonics\Normalized_Audio\Lesser Goldfinch.wav,34.0522,-118.2437,-1,0.01
3.0,6.0,Setophaga petechia,Yellow Warbler,0.0001,Filtered_Without_Harmonics\Normalized_Audio\Lesser Goldfinch.wav,34.0522,-118.2437,-1,0.01
3.0,6.0,Icterus bullockii,Bullock's Oriole,0.0001,Filtered_Without_Harmonics\Normalized_Audio\Lesser Goldfinch.wav,34.0522,-118.2437,-1,0.01
3.0,6.0,Zonotrichia leucophrys,White-crowned Sparrow,0.0001,Filtered_Without_Harmonics\Normalized_Audio\Lesser Goldfinch.wav,34.0522,-118.2437,-1,0.01
3.0,6.0,Melozone crissalis,California Towhee,0.0001,Filtered_Without_Harmonics\Normalized_Audio\Lesser Goldfinch.wav,34.0522,-118.2437,-1,0.01
6.0,9.0,Spinus psaltria,Lesser Goldfinch,0.5148,Filtered_Without_Harmonics\Normalized_Audio\Lesser Goldfinch.wav,34.0522,-118.2437,-1,0.01
6.0,9.0,Spinus lawrencei,Lawrence's Goldfinch,0.0460,Filtered_Without_Harmonics\Normalized_Audio\Lesser Goldfinch.wav,34.0522,-118.2437,-1,0.01
6.0,9.0,Sayornis nigricans,Black Phoebe,0.0005,Filtered_Without_Harmonics\Normalized_Audio\Lesser Goldfinch.wav,34.0522,-118.2437,-1,0.01
6.0,9.0,Polioptila caerulea,Blue-gray Gnatcatcher,0.0002,Filtered_Without_Harmonics\Normalized_Audio\Lesser Goldfinch.wav,34.0522,-118.2437,-1,0.01
6.0,9.0,Spinus tristis,American Goldfinch,0.0001,Filtered_Without_Harmonics\Normalized_Audio\Lesser Goldfinch.wav,34.0522,-118.2437,-1,0.01
6.0,9.0,Chondestes grammacus,Lark Sparrow,0.0001,Filtered_Without_Harmonics\Normalized_Audio\Lesser Goldfinch.wav,34.0522,-118.2437,-1,0.01
6.0,9.0,Spinus pinus,Pine Siskin,0.0001,Filtered_Without_Harmonics\Normalized_Audio\Lesser Goldfinch.wav,34.0522,-118.2437,-1,0.01
6.0,9.0,Troglodytes aedon,House Wren,0.0001,Filtered_Without_Harmonics\Normalized_Audio\Lesser Goldfinch.wav,34.0522,-118.2437,-1,0.01
6.0,9.0,Empidonax difficilis,Pacific-slope Flycatcher,0.0001,Filtered_Without_Harmonics\Normalized_Audio\Lesser Goldfinch.wav,34.0522,-118.2437,-1,0.01
6.0,9.0,Meleagris gallopavo,Wild Turkey,0.0001,Filtered_Without_Harmonics\Normalized_Audio\Lesser Goldfinch.wav,34.0522,-118.2437,-1,0.01
6.0,9.0,Passerina amoena,Lazuli Bunting,0.0001,Filtered_Without_Harmonics\Normalized_Audio\Lesser Goldfinch.wav,34.0522,-118.2437,-1,0.01
6.0,9.0,Salpinctes obsoletus,Rock Wren,0.0001,Filtered_Without_Harmonics\Normalized_Audio\Lesser Goldfinch.wav,34.0522,-118.2437,-1,0.01
6.0,9.0,Zonotrichia atricapilla,Golden-crowned Sparrow,0.0000,Filtered_Without_Harmonics\Normalized_Audio\Lesser Goldfinch.wav,34.0522,-118.2437,-1,0.01
6.0,9.0,Tachycineta thalassina,Violet-green Swallow,0.0000,Filtered_Without_Harmonics\Normalized_Audio\Lesser Goldfinch.wav,34.0522,-118.2437,-1,0.01
6.0,9.0,Piranga ludoviciana,Western Tanager,0.0000,Filtered_Without_Harmonics\Normalized_Audio\Lesser Goldfinch.wav,34.0522,-118.2437,-1,0.01
6.0,9.0,Setophaga occidentalis,Hermit Warbler,0.0000,Filtered_Without_Harmonics\Normalized_Audio\Lesser Goldfinch.wav,34.0522,-118.2437,-1,0.01
6.0,9.0,Catherpes mexicanus,Canyon Wren,0.0000,Filtered_Without_Harmonics\Normalized_Audio\Lesser Goldfinch.wav,34.0522,-118.2437,-1,0.01
6.0,9.0,Auriparus flaviceps,Verdin,0.0000,Filtered_Without_Harmonics\Normalized_Audio\Lesser Goldfinch.wav,34.0522,-118.2437,-1,0.01
6.0,9.0,Melozone aberti,Abert's Towhee,0.0000,Filtered_Without_Harmonics\Normalized_Audio\Lesser Goldfinch.wav,34.0522,-118.2437,-1,0.01
6.0,9.0,Polioptila melanura,Black-tailed Gnatcatcher,0.0000,Filtered_Without_Harmonics\Normalized_Audio\Lesser Goldfinch.wav,34.0522,-118.2437,-1,0.01
9.0,10.0,Spinus tristis,American Goldfinch,0.7082,Filtered_Without_Harmonics\Normalized_Audio\Lesser Goldfinch.wav,34.0522,-118.2437,-1,0.01
9.0,10.0,Spinus psaltria,Lesser Goldfinch,0.0081,Filtered_Without_Harmonics\Normalized_Audio\Lesser Goldfinch.wav,34.0522,-118.2437,-1,0.01
9.0,10.0,Polioptila caerulea,Blue-gray Gnatcatcher,0.0023,Filtered_Without_Harmonics\Normalized_Audio\Lesser Goldfinch.wav,34.0522,-118.2437,-1,0.01
9.0,10.0,Auriparus flaviceps,Verdin,0.0005,Filtered_Without_Harmonics\Normalized_Audio\Lesser Goldfinch.wav,34.0522,-118.2437,-1,0.01
9.0,10.0,Cardinalis cardinalis,Northern Cardinal,0.0005,Filtered_Without_Harmonics\Normalized_Audio\Lesser Goldfinch.wav,34.0522,-118.2437,-1,0.01
9.0,10.0,Geothlypis trichas,Common Yellowthroat,0.0003,Filtered_Without_Harmonics\Normalized_Audio\Lesser Goldfinch.wav,34.0522,-118.2437,-1,0.01
9.0,10.0,Spinus pinus,Pine Siskin,0.0003,Filtered_Without_Harmonics\Normalized_Audio\Lesser Goldfinch.wav,34.0522,-118.2437,-1,0.01
9.0,10.0,Salpinctes obsoletus,Rock Wren,0.0003,Filtered_Without_Harmonics\Normalized_Audio\Lesser Goldfinch.wav,34.0522,-118.2437,-1,0.01
9.0,10.0,Actitis macularius,Spotted Sandpiper,0.0003,Filtered_Without_Harmonics\Normalized_Audio\Lesser Goldfinch.wav,34.0522,-118.2437,-1,0.01
9.0,10.0,Turdus migratorius,American Robin,0.0002,Filtered_Without_Harmonics\Normalized_Audio\Lesser Goldfinch.wav,34.0522,-118.2437,-1,0.01
9.0,10.0,Zonotrichia leucophrys,White-crowned Sparrow,0.0002,Filtered_Without_Harmonics\Normalized_Audio\Lesser Goldfinch.wav,34.0522,-118.2437,-1,0.01
9.0,10.0,Passerella iliaca,Fox Sparrow,0.0002,Filtered_Without_Harmonics\Normalized_Audio\Lesser Goldfinch.wav,34.0522,-118.2437,-1,0.01
9.0,10.0,Zenaida macroura,Mourning Dove,0.0002,Filtered_Without_Harmonics\Normalized_Audio\Lesser Goldfinch.wav,34.0522,-118.2437,-1,0.01
9.0,10.0,Meleagris gallopavo,Wild Turkey,0.0002,Filtered_Without_Harmonics\Normalized_Audio\Lesser Goldfinch.wav,34.0522,-118.2437,-1,0.01
9.0,10.0,Corthylio calendula,Ruby-crowned Kinglet,0.0002,Filtered_Without_Harmonics\Normalized_Audio\Lesser Goldfinch.wav,34.0522,-118.2437,-1,0.01
9.0,10.0,Dryobates pubescens,Downy Woodpecker,0.0001,Filtered_Without_Harmonics\Normalized_Audio\Lesser Goldfinch.wav,34.0522,-118.2437,-1,0.01
9.0,10.0,Passerculus sandwichensis,Savannah Sparrow,0.0001,Filtered_Without_Harmonics\Normalized_Audio\Lesser Goldfinch.wav,34.0522,-118.2437,-1,0.01
9.0,10.0,Dryocopus pileatus,Pileated Woodpecker,0.0001,Filtered_Without_Harmonics\Normalized_Audio\Lesser Goldfinch.wav,34.0522,-118.2437,-1,0.01
9.0,10.0,Anthus rubescens,American Pipit,0.0001,Filtered_Without_Harmonics\Normalized_Audio\Lesser Goldfinch.wav,34.0522,-118.2437,-1,0.01
9.0,10.0,Molothrus ater,Brown-headed Cowbird,0.0001,Filtered_Without_Harmonics\Normalized_Audio\Lesser Goldfinch.wav,34.0522,-118.2437,-1,0.01
