shift,distance_in,target_freq,detected_freq,frequency_error,rms,peak,target_power,dominant_power,filename
13,1,100,89.48863636363637,10.511363636363626,242.2702508316684,735.1353426846599,5425.019551765699,3788896.053127969,.\13\1 inch\test_1in_100hz.wav
13,1,12800,53.01966292134832,12746.980337078652,47.567376097618435,395.3181618679773,86.19642198871952,199235.77211799778,.\13\1 inch\test_1in_12800hz.wav
13,1,1600,2864.1690340909095,1264.1690340909095,18520.94045865111,38945.50821200284,134924.2468036605,184788147.4321362,.\13\1 inch\test_1in_1600hz.wav
13,1,20000,53.08948863636364,19946.910511363636,42.79799449137942,168.29177024147793,66.54493839820316,132286.83406396423,.\13\1 inch\test_1in_20000hz.wav
13,1,200,178.97727272727275,21.022727272727252,1049.244430849823,1771.868607954546,1973.0101581209526,16217575.754230652,.\13\1 inch\test_1in_200hz.wav
13,1,3200,2863.9914772727275,336.0085227272725,13715.072289547583,45897.208939985794,25547.02325133395,163547692.9083614,.\13\1 inch\test_1in_3200hz.wav
13,1,400,357.9545454545455,42.045454545454504,4946.300559694905,7570.45068359375,3824.267507897845,68621734.99466474,.\13\1 inch\test_1in_400hz.wav
13,1,6400,2271.3068181818185,4128.693181818182,310.49185666830965,1387.94473544034,59.39403446315555,3080481.511254,.\13\1 inch\test_1in_6400hz.wav
13,1,800,716.0866477272729,83.91335227272714,9413.503709931618,13717.258478338068,5935.2888483495535,130791068.61295466,.\13\1 inch\test_1in_800hz.wav
13,12,100,89.48863636363637,10.511363636363626,52.01902104813699,273.49010120738603,10991.269028252254,487654.67751388025,.\13\12 inch\test_12in_100hz.wav
13,12,12800,52.91193181818183,12747.088068181818,39.462930378413105,248.01380504261397,47.62765146103993,116257.55915961057,.\13\12 inch\test_12in_12800hz.wav
13,12,1600,1432.057584269663,167.94241573033696,3460.5103216483476,5932.361218398877,493.77134497936305,49458122.3778221,.\13\12 inch\test_12in_1600hz.wav
13,12,20000,52.91193181818183,19947.08806818182,41.74551293749101,153.35755504261397,2.661151609512217,211566.7029563687,.\13\12 inch\test_12in_20000hz.wav
13,12,200,178.97727272727275,21.022727272727252,96.71248094262096,2182.1513671875,8686.34906449497,1271740.290825606,.\13\12 inch\test_12in_200hz.wav
13,12,3200,2864.1690340909095,335.83096590909054,1347.6871181386377,2931.828169389204,484.3247967005439,19405971.47484391,.\13\12 inch\test_12in_3200hz.wav
13,12,400,357.9545454545455,42.045454545454504,205.47806146476768,565.424849076704,329.7916257363833,2707080.9372986164,.\13\12 inch\test_12in_400hz.wav
13,12,6400,2271.839488636364,4128.160511363636,42.13558165086574,155.35715553977207,9.738910712421784,293600.3874602975,.\13\12 inch\test_12in_6400hz.wav
13,12,800,716.2642045454546,83.73579545454538,1417.667453996308,2144.472523082386,302.28822338807197,19238012.994360972,.\13\12 inch\test_12in_800hz.wav
13,18,100,89.48863636363637,10.511363636363626,56.83861384890381,204.48015802556802,9309.629960979517,334847.4296826541,.\13\18 inch\test_18in_100hz.wav
13,18,12800,28.231534090909093,12771.76846590909,93.60478850328823,339.97660688920405,144.49838693114998,192161.5761977379,.\13\18 inch\test_18in_12800hz.wav
13,18,1600,1432.1732954545457,167.82670454545428,2142.7947719266817,3891.305708451704,403.76550913002995,33872927.654812425,.\13\18 inch\test_18in_1600hz.wav
13,18,20000,27.69886363636364,19972.301136363636,55.87179428997725,283.32816938920405,57.903711161414776,90245.76192821495,.\13\18 inch\test_18in_20000hz.wav
13,18,200,178.97727272727275,21.022727272727252,98.91540478105267,307.45556640625,7166.399808217188,1360961.4238989765,.\13\18 inch\test_18in_200hz.wav
13,18,3200,2863.9914772727275,336.0085227272725,1033.057071913837,1959.138671875,251.29311613137767,14376862.755511114,.\13\18 inch\test_18in_3200hz.wav
13,18,400,357.97050561797755,42.02949438202245,303.7054642645142,623.1631408005615,1524.6685377703047,4042366.67320342,.\13\18 inch\test_18in_400hz.wav
13,18,6400,52.73437500000001,6347.265625,61.54110775546474,228.98916903409008,39.43524748590153,119478.51572015423,.\13\18 inch\test_18in_6400hz.wav
13,18,800,716.0866477272729,83.91335227272714,1283.4074021649342,2086.869806463068,823.6447186364281,18297456.729011063,.\13\18 inch\test_18in_800hz.wav
13,24,100,89.48863636363637,10.511363636363626,43.582069877094185,156.74502840909008,6926.076058731166,215240.82874939076,.\13\24 inch\test_24in_100hz.wav
13,24,12800,27.69886363636364,12772.301136363636,48.129268147112164,289.2998046875,163.69681593598852,93149.73279068132,.\13\24 inch\test_24in_12800hz.wav
13,24,1600,1431.9957386363637,168.00426136363626,2639.5970810075933,4109.281294389204,1822.472561528499,39310381.91307565,.\13\24 inch\test_24in_1600hz.wav
13,24,20000,53.01966292134832,19946.98033707865,39.130168754758095,220.85481039325896,44.817336374679144,135913.50923696478,.\13\24 inch\test_24in_20000hz.wav
13,24,200,178.97727272727275,21.022727272727252,120.28131460599579,418.4408291903401,1939.4751668342276,1610019.8078890548,.\13\24 inch\test_24in_200hz.wav
13,24,3200,2864.3465909090914,335.65340909090855,1035.0956840508557,1865.559303977272,612.617355448845,15670056.825396586,.\13\24 inch\test_24in_3200hz.wav
13,24,400,357.97050561797755,42.02949438202245,218.50355724496876,475.758426966293,2664.956975178295,3280244.3193696593,.\13\24 inch\test_24in_400hz.wav
13,24,6400,2272.549715909091,4127.450284090909,39.3122753748175,165.11652166193198,103.76703203258512,101906.72009162561,.\13\24 inch\test_24in_6400hz.wav
13,24,800,715.909090909091,84.09090909090901,375.7600098058808,855.991033380682,540.2860886834009,5798316.133618736,.\13\24 inch\test_24in_800hz.wav
13,30,100,32.84801136363637,67.15198863636363,58.32115951312981,207.36776455965992,5014.568785380925,227737.29787546332,.\13\30 inch\test_30in_100hz.wav
13,30,12800,34.80113636363637,12765.198863636364,81.39374948906567,364.465154474432,114.90871078314376,232599.87161856514,.\13\30 inch\test_30in_12800hz.wav
13,30,1600,1432.1732954545457,167.82670454545428,625.9401257054685,1537.520063920454,1036.7372620393335,8543675.29216511,.\13\30 inch\test_30in_1600hz.wav
13,30,20000,31.960227272727277,19968.039772727272,49.99194521911788,182.98610617897793,49.45961602182251,113835.85008228935,.\13\30 inch\test_30in_20000hz.wav
13,30,200,178.97727272727275,21.022727272727252,149.85446209914548,544.94580078125,4218.722737033559,1693092.8570563123,.\13\30 inch\test_30in_200hz.wav
13,30,3200,2864.1690340909095,335.83096590909054,1037.7551922915018,1742.028364701704,100.49365605903792,15308056.254419457,.\13\30 inch\test_30in_3200hz.wav
13,30,400,357.97050561797755,42.02949438202245,293.501875151773,593.6250438904499,984.3557135361609,4517036.837108782,.\13\30 inch\test_30in_400hz.wav
13,30,6400,35.33380681818182,6364.666193181818,64.20173718965107,372.5067471590901,67.05161012415374,169213.32719703612,.\13\30 inch\test_30in_6400hz.wav
13,30,800,716.0866477272729,83.91335227272714,661.4968231650604,1247.280450994318,313.86162341705494,10321946.953130547,.\13\30 inch\test_30in_800hz.wav
13,36,100,38.352272727272734,61.647727272727266,67.69595088687657,270.57896839488603,14935.764440813075,184558.26416312382,.\13\36 inch\test_36in_100hz.wav
13,36,12800,52.73437500000001,12747.265625,53.69085371053691,192.29203657670405,9.502957753411465,134029.6336859591,.\13\36 inch\test_36in_12800hz.wav
13,36,1600,1432.1732954545457,167.82670454545428,2165.8904898180567,4151.886851917614,532.1530580656122,30869736.411237665,.\13\36 inch\test_36in_1600hz.wav
13,36,20000,37.64204545454546,19962.357954545456,55.10258282719523,184.07492897727207,47.2463060241098,264276.3269154542,.\13\36 inch\test_36in_20000hz.wav
13,36,200,178.97727272727275,21.022727272727252,108.09229446470044,302.11243785511397,3440.220389888382,1448861.9660754367,.\13\36 inch\test_36in_200hz.wav
13,36,3200,2864.524147727273,335.475852272727,1204.9048684934712,2193.2451171875,647.3882415524572,14503879.7375468,.\13\36 inch\test_36in_3200hz.wav
13,36,400,357.9545454545455,42.045454545454504,396.9231919522622,715.5851828835221,2032.4927991643406,5860419.187975774,.\13\36 inch\test_36in_400hz.wav
13,36,6400,2271.3068181818185,4128.693181818182,64.6982401861481,228.53617720170405,25.821033320426068,206093.72550183407,.\13\36 inch\test_36in_6400hz.wav
13,36,800,716.0866477272729,83.91335227272714,853.0058895266011,1566.651988636364,932.6432864997356,12843397.74679493,.\13\36 inch\test_36in_800hz.wav
13,4,100,89.48863636363637,10.511363636363626,86.8495203787452,271.786931818182,19037.9555372462,1258345.2056622368,.\13\4 inch\test_4in_100hz.wav
13,4,12800,53.01966292134832,12746.980337078652,65.9067125202853,317.5055301966295,14.263002362629777,112616.80194789532,.\13\4 inch\test_4in_12800hz.wav
13,4,1600,1431.6406250000002,168.35937499999977,8875.9809757592,13478.429421164772,6897.181523271942,131952419.23142004,.\13\4 inch\test_4in_1600hz.wav
13,4,20000,52.91193181818183,19947.08806818182,41.10198047020225,361.45703125,68.96663988550699,109513.81698782495,.\13\4 inch\test_4in_20000hz.wav
13,4,200,178.97727272727275,21.022727272727252,270.24520815643285,564.06689453125,3859.517166726417,4164926.0585756944,.\13\4 inch\test_4in_200hz.wav
13,4,3200,2863.2812500000005,336.71874999999955,5229.525939222764,7935.470925071022,806.817002951294,78549694.22849363,.\13\4 inch\test_4in_3200hz.wav
13,4,400,357.9545454545455,42.045454545454504,1065.7372281228968,1773.34912109375,978.6714065860122,16595262.730097868,.\13\4 inch\test_4in_400hz.wav
13,4,6400,2272.549715909091,4127.450284090909,62.63000590375972,593.670854048296,14.1968090349892,188976.53370181183,.\13\4 inch\test_4in_6400hz.wav
13,4,800,715.909090909091,84.09090909090901,2818.1927980168975,4206.69229403409,2000.7414830404177,43884755.74326838,.\13\4 inch\test_4in_800hz.wav
13,8,100,89.48863636363637,10.511363636363626,56.56676866181891,444.0537109375,3941.570579798953,666446.6590017898,.\13\8 inch\test_8in_100hz.wav
13,8,12800,52.91193181818183,12747.088068181818,32.63964252100949,123.96151455965992,1.156857771502473,105177.26501459598,.\13\8 inch\test_8in_12800hz.wav
13,8,1600,1432.1732954545457,167.82670454545428,4080.6853004966674,6606.187189275568,1292.5768982137186,61825055.76939166,.\13\8 inch\test_8in_1600hz.wav
13,8,20000,30.53977272727273,19969.460227272728,66.23776189934864,442.5296963778401,51.19463072536382,124458.72518628184,.\13\8 inch\test_8in_20000hz.wav
13,8,200,178.97727272727275,21.022727272727252,125.89523115359819,360.19553444602207,1164.7543643726708,1760023.0602383655,.\13\8 inch\test_8in_200hz.wav
13,8,3200,2864.1690340909095,335.83096590909054,1525.4515806514835,2825.438654119318,348.87661504721905,18921683.15489778,.\13\8 inch\test_8in_3200hz.wav
13,8,400,357.9545454545455,42.045454545454504,503.4066693078733,1008.9224520596599,993.6380605346525,7196735.602998353,.\13\8 inch\test_8in_400hz.wav
13,8,6400,2272.3721590909095,4127.62784090909,58.088435707114634,380.76393821022793,2.485574943721531,400894.5726503705,.\13\8 inch\test_8in_6400hz.wav
13,8,800,715.9410112359551,84.0589887640449,1324.8574044954728,2391.3258426966295,207.37692758223199,18624087.955985777,.\13\8 inch\test_8in_800hz.wav
14,1,100,89.52702702702703,10.472972972972968,146.2000138481087,862.9968987542234,18145.65974717022,3178354.315424279,.\14\1 inch\test_1in_100hz.wav
14,1,12800,30.565693430656932,12769.434306569343,32.87105222017116,305.1510749315694,79.41778089514992,123895.32276675486,.\14\1 inch\test_1in_12800hz.wav
14,1,1600,1432.1073008849557,167.89269911504425,13007.135312756818,20230.457359651547,7588.971397520347,228638864.0033957,.\14\1 inch\test_1in_1600hz.wav
14,1,20000,30.487804878048784,19969.51219512195,33.23369841422669,395.8915459857726,38.18624496616576,116426.72692884675,.\14\1 inch\test_1in_20000hz.wav
14,1,200,179.0178571428571,20.98214285714289,588.2341619596305,1071.6007254464284,16750.851958598418,16523450.218440313,.\14\1 inch\test_1in_200hz.wav
14,1,3200,2865.3336864406774,334.6663135593226,5879.302817739738,8647.733216366525,208.14395424592772,113777379.87485373,.\14\1 inch\test_1in_3200hz.wav
14,1,400,358.0994897959184,41.90051020408163,2842.0019903724246,4848.733604379252,3948.472561972496,73000874.35315944,.\14\1 inch\test_1in_400hz.wav
14,1,6400,2270.1684397163117,4129.831560283688,246.76872190760827,567.3458277925529,73.86652949269592,3433823.4957238743,.\14\1 inch\test_1in_6400hz.wav
14,1,800,716.125,83.875,3798.339122071626,5798.177234375,7587.159631383742,75662042.76220214,.\14\1 inch\test_1in_800hz.wav
14,12,100,89.48863636363637,10.511363636363626,40.62337171367052,703.496027166193,7154.9748994672045,224163.61408907475,.\14\12 inch\test_12in_100hz.wav
14,12,12800,52.73437500000001,12747.265625,26.61069620084263,167.23479669744302,3.9233867919452905,67627.26454559094,.\14\12 inch\test_12in_12800hz.wav
14,12,1600,1432.5284090909092,167.47159090909076,1826.1084878925906,2991.653409090909,1517.9627747866275,26213078.723978374,.\14\12 inch\test_12in_1600hz.wav
14,12,20000,26.455965909090914,19973.544034090908,27.060160625108878,117.78386896306802,47.56462709437437,58757.301823597765,.\14\12 inch\test_12in_20000hz.wav
14,12,200,179.15482954545456,20.84517045454544,68.9791871207696,240.68266157670496,3253.9590046398603,643243.5353162556,.\14\12 inch\test_12in_200hz.wav
14,12,3200,2865.2343750000005,334.76562499999955,1161.7096009713766,1957.957741477273,303.22529055483744,15260593.848780496,.\14\12 inch\test_12in_3200hz.wav
14,12,400,358.1321022727273,41.86789772727269,317.3274633281134,651.598544034091,1509.6769243493716,4979678.076393484,.\14\12 inch\test_12in_400hz.wav
14,12,6400,2269.5312500000005,4130.46875,28.70264945381124,203.50468306107996,61.25088111672312,75164.76211749637,.\14\12 inch\test_12in_6400hz.wav
14,12,800,716.2642045454546,83.73579545454538,320.0906625009178,559.582985617898,1527.7267883721063,4518597.1552455425,.\14\12 inch\test_12in_800hz.wav
14,18,100,89.48863636363637,10.511363636363626,8449.062451261614,38759.67294034091,1221988.8491514851,32101514.47780606,.\14\18 inch\test_18in_100hz.wav
14,18,12800,20.419034090909093,12779.58096590909,35.99624713423981,153.58607066761397,70.12967694523377,109438.02405132445,.\14\18 inch\test_18in_12800hz.wav
14,18,1600,1432.5284090909092,167.47159090909076,1404.780795673996,2406.209050958807,435.4439137429054,18623404.66761653,.\14\18 inch\test_18in_1600hz.wav
14,18,20000,30.53977272727273,19969.460227272728,27.83851322077784,92.9716796875,77.81566098786521,63443.626691594516,.\14\18 inch\test_18in_20000hz.wav
14,18,200,179.15482954545456,20.84517045454544,51.505484300719665,173.39264470880698,2342.346108419643,560624.2711473322,.\14\18 inch\test_18in_200hz.wav
14,18,3200,2864.879261363637,335.12073863636306,816.7322703621356,1407.260564630682,185.42311435238804,10567861.376499424,.\14\18 inch\test_18in_3200hz.wav
14,18,400,358.1321022727273,41.86789772727269,326.3220920135969,572.334517045455,1878.5213856423136,5125943.598707763,.\14\18 inch\test_18in_400hz.wav
14,18,6400,2269.886363636364,4130.113636363636,32.44553067055224,128.812832919034,46.407028796811574,103748.72177776344,.\14\18 inch\test_18in_6400hz.wav
14,18,800,716.2642045454546,83.73579545454538,413.26280309970514,711.1484375,1989.5808115655395,6434110.305613828,.\14\18 inch\test_18in_800hz.wav
14,24,100,102.45028409090911,2.4502840909091077,35.16306264161294,197.59055397727298,3611.0982336359502,111503.83808982473,.\14\24 inch\test_24in_100hz.wav
14,24,12800,52.73437500000001,12747.265625,39.13844017008688,136.96357865767004,52.854550083827235,91450.77856563865,.\14\24 inch\test_24in_12800hz.wav
14,24,1600,1432.5284090909092,167.47159090909076,1221.563577528992,2036.311301491477,78.46856136191077,18430023.960585363,.\14\24 inch\test_24in_1600hz.wav
14,24,20000,34.09090909090909,19965.909090909092,29.812559200608252,137.29578746448897,9.217708439168746,76856.57015958591,.\14\24 inch\test_24in_20000hz.wav
14,24,200,179.15482954545456,20.84517045454544,50.15982202079258,209.48583984375,1450.9729927155431,583065.7808647155,.\14\24 inch\test_24in_200hz.wav
14,24,3200,2865.0568181818185,334.94318181818153,516.9061387220065,999.629128196023,282.05402979707657,7413399.403956658,.\14\24 inch\test_24in_3200hz.wav
14,24,400,358.1321022727273,41.86789772727269,267.63989459405377,545.789595170455,1109.189166053614,4165601.49054722,.\14\24 inch\test_24in_400hz.wav
14,24,6400,2269.1761363636365,4130.823863636364,32.30233459854165,114.86285955255698,5.225980232356051,139041.17914550786,.\14\24 inch\test_24in_6400hz.wav
14,24,800,716.2642045454546,83.73579545454538,298.4743937745115,570.488680752841,421.94091878626193,4618278.132738164,.\14\24 inch\test_24in_800hz.wav
14,30,100,64.09801136363637,35.901988636363626,26.164871208621975,97.42194158380698,5138.896480695327,94129.87409019348,.\14\30 inch\test_30in_100hz.wav
14,30,12800,68.71448863636364,12731.285511363636,42.77467356375099,173.17296253551103,74.12108099109082,147552.82647991387,.\14\30 inch\test_30in_12800hz.wav
14,30,1600,1432.5284090909092,167.47159090909076,326.47950835636766,1376.339865944602,898.7308191108468,3926449.5394965936,.\14\30 inch\test_30in_1600hz.wav
14,30,20000,52.91193181818183,19947.08806818182,28.35671930593585,96.29157049005698,2.4913166751030076,51725.265090884976,.\14\30 inch\test_30in_20000hz.wav
14,30,200,179.15482954545456,20.84517045454544,60.392963965182574,171.027987393466,659.7229273728118,732013.5823127736,.\14\30 inch\test_30in_200hz.wav
14,30,3200,2865.411931818182,334.588068181818,464.2467867672918,1063.336292613636,151.9976075480446,5771815.127807003,.\14\30 inch\test_30in_3200hz.wav
14,30,400,358.1321022727273,41.86789772727269,134.3570568176213,398.924050071023,1080.6486401532588,2078877.8734806043,.\14\30 inch\test_30in_400hz.wav
14,30,6400,69.77982954545456,6330.220170454545,47.1415754844788,492.164306640625,16.895361051301734,166785.57313041916,.\14\30 inch\test_30in_6400hz.wav
14,30,800,716.4417613636365,83.55823863636351,239.60318500463873,553.065562855114,1215.361472793759,3117329.6436010026,.\14\30 inch\test_30in_800hz.wav
14,36,100,52.91193181818183,47.08806818181817,27.44325183030734,86.16923384232996,6256.935642079123,65798.55202598995,.\14\36 inch\test_36in_100hz.wav
14,36,12800,52.91193181818183,12747.088068181818,31.390944170070412,126.5771484375,22.79959147722184,69723.0665716636,.\14\36 inch\test_36in_12800hz.wav
14,36,1600,1432.5284090909092,167.47159090909076,569.3426626272167,1056.579012784091,218.72061402816672,8425868.8439373,.\14\36 inch\test_36in_1600hz.wav
14,36,20000,27.166193181818187,19972.83380681818,38.98391432877804,140.58123224431802,17.647820647208107,130998.13866508976,.\14\36 inch\test_36in_20000hz.wav
14,36,200,179.15482954545456,20.84517045454544,52.70192036661248,148.70632102272702,5192.630645185647,663319.2049780318,.\14\36 inch\test_36in_200hz.wav
14,36,3200,2865.0568181818185,334.94318181818153,551.7994429003878,1081.878817471591,202.47222807434005,7575400.281336695,.\14\36 inch\test_36in_3200hz.wav
14,36,400,358.1321022727273,41.86789772727269,160.63560542416718,300.70747514204504,68.24453105672535,2324417.95877791,.\14\36 inch\test_36in_400hz.wav
14,36,6400,2270.063920454546,4129.936079545454,25.25883177759522,95.08271928267004,47.630823186675116,76761.6730148323,.\14\36 inch\test_36in_6400hz.wav
14,36,800,716.4417613636365,83.55823863636351,438.5936105088375,847.251020951705,66.94132849228431,5907572.846050853,.\14\36 inch\test_36in_800hz.wav
14,4,100,89.48863636363637,10.511363636363626,45.33186307839351,320.514737215909,6393.990237868458,560825.0847877086,.\14\4 inch\test_4in_100hz.wav
14,4,12800,30.53977272727273,12769.460227272728,25.943071482769373,146.52601207386397,18.83311810517364,100474.21141596197,.\14\4 inch\test_4in_12800hz.wav
14,4,1600,1432.3508522727275,167.64914772727252,4402.967196157968,7253.968483664773,2714.301961026065,66641595.484150246,.\14\4 inch\test_4in_1600hz.wav
14,4,20000,30.53977272727273,19969.460227272728,23.581800433253665,116.25714666193198,26.274436055976366,98568.33632107312,.\14\4 inch\test_4in_20000hz.wav
14,4,200,178.97727272727275,21.022727272727252,156.18287481876567,348.03349165482996,6558.77432271145,2167230.2531529004,.\14\4 inch\test_4in_200hz.wav
14,4,3200,2864.701704545455,335.29829545454504,3742.9729006054126,5953.774236505682,932.610203620177,54016123.050559655,.\14\4 inch\test_4in_3200hz.wav
14,4,400,358.1321022727273,41.86789772727269,676.4269177164323,1125.365300958807,4900.006163947908,9709127.821832838,.\14\4 inch\test_4in_400hz.wav
14,4,6400,2269.3536931818185,4130.646306818182,35.431342894995375,133.920321377841,113.4628278238306,295955.9732358421,.\14\4 inch\test_4in_6400hz.wav
14,4,800,716.0866477272729,83.91335227272714,1123.549493819984,1788.271129261364,1879.8691420548048,16719124.16818378,.\14\4 inch\test_4in_800hz.wav
14,8,100,89.48863636363637,10.511363636363626,31.252366442961357,174.74278675426103,2980.39716654406,271897.7635819707,.\14\8 inch\test_8in_100hz.wav
14,8,12800,30.53977272727273,12769.460227272728,22.93668231170887,106.96317915482996,28.65043106875146,80815.72361347389,.\14\8 inch\test_8in_12800hz.wav
14,8,1600,1432.1732954545457,167.82670454545428,2371.2701688040493,4456.517844460227,411.5006421589556,36102932.62939186,.\14\8 inch\test_8in_1600hz.wav
14,8,20000,30.53977272727273,19969.460227272728,24.718100665915607,269.644620028409,48.30143540023778,95752.04994591398,.\14\8 inch\test_8in_20000hz.wav
14,8,200,178.97727272727275,21.022727272727252,78.20965862265844,985.398259943182,13192.85008149843,878607.8312420241,.\14\8 inch\test_8in_200hz.wav
14,8,3200,2864.879261363637,335.12073863636306,1417.3121120444437,2990.042258522727,226.21174263450206,19878170.81689533,.\14\8 inch\test_8in_3200hz.wav
14,8,400,358.1321022727273,41.86789772727269,267.79101119252863,744.59599165483,3293.618620769779,4044951.3012780007,.\14\8 inch\test_8in_400hz.wav
14,8,6400,2270.774147727273,4129.225852272727,39.13468216995971,191.49957830255698,56.949955404516004,272148.1044141815,.\14\8 inch\test_8in_6400hz.wav
14,8,800,716.0866477272729,83.91335227272714,536.1213209437915,993.643465909091,1337.9967743221932,7320292.466364489,.\14\8 inch\test_8in_800hz.wav
15,1,100,89.48863636363637,10.511363636363626,18982.996085326682,33718.08573774858,650412.8474343169,175995706.23628378,.\15\1 inch\test_1in_100hz.wav
15,1,12800,3458.9843750000005,9341.015625,13.482408524779217,61.17591441761351,20.430811884988998,57883.9652111522,.\15\1 inch\test_1in_12800hz.wav
15,1,1600,1432.1732954545457,167.82670454545428,7285.108746638851,11330.084650213068,3639.306975366586,103663145.95222639,.\15\1 inch\test_1in_1600hz.wav
15,1,20000,31.427556818181824,19968.57244318182,13.55586149708363,106.47125799005698,9.338522269186797,44315.53685246839,.\15\1 inch\test_1in_20000hz.wav
15,1,200,178.97727272727275,21.022727272727252,314.2781290922791,520.0195756392045,894.309239917419,4526046.55944792,.\15\1 inch\test_1in_200hz.wav
15,1,3200,2864.524147727273,335.475852272727,4046.0050172824385,6203.382879083807,115.7866051917454,49257216.25336381,.\15\1 inch\test_1in_3200hz.wav
15,1,400,358.1321022727273,41.86789772727269,1414.3346350190905,2230.369051846591,561.2927780617667,20409312.160131194,.\15\1 inch\test_1in_400hz.wav
15,1,6400,2271.839488636364,4128.160511363636,92.32805309718961,171.08176491477252,18.689862123053445,737778.6644003377,.\15\1 inch\test_1in_6400hz.wav
15,1,800,716.0866477272729,83.91335227272714,2449.5159004987436,3517.0667835582385,168.1885546258859,35393821.78179861,.\15\1 inch\test_1in_800hz.wav
15,12,100,89.48863636363637,10.511363636363626,16.405590554352557,71.39561878551149,933.9062567434793,115808.61701482668,.\15\12 inch\test_12in_100hz.wav
15,12,12800,52.73437500000001,12747.265625,13.963832908016137,73.54376775568198,5.356903676775346,30193.30220343176,.\15\12 inch\test_12in_12800hz.wav
15,12,1600,1432.3508522727275,167.64914772727252,968.1421874314755,1737.478582208807,80.3825515265183,12886458.878372708,.\15\12 inch\test_12in_1600hz.wav
15,12,20000,27.876420454545457,19972.123579545456,18.159125207045474,61.843217329545496,37.40085519080867,70533.4526049899,.\15\12 inch\test_12in_20000hz.wav
15,12,200,178.97727272727275,21.022727272727252,26.208213443933026,97.14641779119302,1146.0784376625043,339856.8376896926,.\15\12 inch\test_12in_200hz.wav
15,12,3200,2864.3465909090914,335.65340909090855,584.8111592017393,961.7349964488635,28.95466212782671,8413606.207639642,.\15\12 inch\test_12in_3200hz.wav
15,12,400,358.1321022727273,41.86789772727269,89.93562703294396,201.10693359375,746.9410160039487,1297235.2786121918,.\15\12 inch\test_12in_400hz.wav
15,12,6400,2271.3068181818185,4128.693181818182,20.499922957734057,89.42311789772748,40.230966283121916,55782.021761204654,.\15\12 inch\test_12in_6400hz.wav
15,12,800,716.0866477272729,83.91335227272714,282.95992217364494,464.0494495738635,133.1601543804279,3873234.6609822283,.\15\12 inch\test_12in_800hz.wav
15,18,100,89.48863636363637,10.511363636363626,16.277780311045127,70.43967507102252,2998.8170526145345,75410.15016660512,.\15\18 inch\test_18in_100hz.wav
15,18,12800,27.69886363636364,12772.301136363636,12.247105574964031,53.53078391335248,30.409519846229557,33192.3289466113,.\15\18 inch\test_18in_12800hz.wav
15,18,1600,1432.3508522727275,167.64914772727252,398.91584621876785,705.0565074573865,269.82185000297915,5966338.274028406,.\15\18 inch\test_18in_1600hz.wav
15,18,20000,52.91193181818183,19947.08806818182,18.146238241712517,74.3684525923295,23.367731486253206,45280.53456217544,.\15\18 inch\test_18in_20000hz.wav
15,18,200,178.97727272727275,21.022727272727252,26.90440142136133,112.38616388494302,1755.6780967213738,315830.2698889293,.\15\18 inch\test_18in_200hz.wav
15,18,3200,2864.524147727273,335.475852272727,133.30299058321023,312.5801003196025,36.05196118041593,1741109.3836833301,.\15\18 inch\test_18in_3200hz.wav
15,18,400,358.1321022727273,41.86789772727269,51.04626508143524,140.17453835227252,360.3548281112736,698626.6222664547,.\15\18 inch\test_18in_400hz.wav
15,18,6400,2270.4190340909095,4129.58096590909,12.74316486592729,53.80051491477252,10.080463602594591,55333.16016291457,.\15\18 inch\test_18in_6400hz.wav
15,18,800,716.0866477272729,83.91335227272714,270.6083382119359,446.4637562144885,118.27169037026908,4406697.154708663,.\15\18 inch\test_18in_800hz.wav
15,24,100,89.48863636363637,10.511363636363626,13.78556827161616,52.09177468039752,2191.4319700122346,55925.05502065034,.\15\24 inch\test_24in_100hz.wav
15,24,12800,30.53977272727273,12769.460227272728,12.563341784696005,82.2697310014205,74.47706142804259,31281.088212504095,.\15\24 inch\test_24in_12800hz.wav
15,24,1600,1431.818181818182,168.18181818181802,331.0357041996185,619.1277077414775,330.1913485929394,4930121.568642795,.\15\24 inch\test_24in_1600hz.wav
15,24,20000,27.876420454545457,19972.123579545456,13.19938932343889,59.348588423295496,72.79300945257599,45147.19142081496,.\15\24 inch\test_24in_20000hz.wav
15,24,200,178.97727272727275,21.022727272727252,27.178147547140405,106.97902610085248,1747.1116635484182,380277.6561966495,.\15\24 inch\test_24in_200hz.wav
15,24,3200,2864.3465909090914,335.65340909090855,430.4401306211334,684.3749778053975,15.193467426389596,5770563.326567033,.\15\24 inch\test_24in_3200hz.wav
15,24,400,357.9545454545455,42.045454545454504,32.759709760716035,92.1746049360795,298.5744302008591,455776.95652272674,.\15\24 inch\test_24in_400hz.wav
15,24,6400,2271.1292613636365,4128.870738636364,12.695987173439725,57.520751953125,54.14246150159181,39286.16474430627,.\15\24 inch\test_24in_6400hz.wav
15,24,800,716.0866477272729,83.91335227272714,130.43737226772208,245.208163174716,174.1690553809737,1878347.154996159,.\15\24 inch\test_24in_800hz.wav
15,30,100,89.48863636363637,10.511363636363626,10.319584527698844,38.94244939630698,2142.9326638852435,37281.45517735627,.\15\30 inch\test_30in_100hz.wav
15,30,12800,52.73437500000001,12747.265625,9.930864010695446,35.092973188920496,63.44115598238557,34710.88386391027,.\15\30 inch\test_30in_12800hz.wav
15,30,1600,1432.1732954545457,167.82670454545428,224.06386582228276,408.189031427557,153.27635558051253,3564775.432902918,.\15\30 inch\test_30in_1600hz.wav
15,30,20000,32.492897727272734,19967.507102272728,12.951363727504324,41.16892311789752,30.83923575052404,106873.1333766022,.\15\30 inch\test_30in_20000hz.wav
15,30,200,178.97727272727275,21.022727272727252,25.575490556542114,64.08411754261351,698.6704079044775,335982.52004206076,.\15\30 inch\test_30in_200hz.wav
15,30,3200,2863.9914772727275,336.0085227272725,224.24861432397438,531.667169744318,56.0959872050419,2819829.1724824198,.\15\30 inch\test_30in_3200hz.wav
15,30,400,358.1321022727273,41.86789772727269,75.82729658067427,147.9727006392045,295.5224829039348,1124374.3776599572,.\15\30 inch\test_30in_400hz.wav
15,30,6400,52.91193181818183,6347.088068181818,10.37632523303633,71.94406960227252,34.983106330958435,43933.12094044205,.\15\30 inch\test_30in_6400hz.wav
15,30,800,716.0866477272729,83.91335227272714,110.28357215298561,389.935236150568,1204.0120324468992,1545654.3540250645,.\15\30 inch\test_30in_800hz.wav
15,36,100,27.69886363636364,72.30113636363636,18319.90167877941,55021.84090909091,5621773.735922047,31733609.27241504,.\15\36 inch\test_36in_100hz.wav
15,36,12800,27.69886363636364,12772.301136363636,14.380417503722237,52.98748224431802,12.34545426914542,26959.18362636513,.\15\36 inch\test_36in_12800hz.wav
15,36,1600,1432.3508522727275,167.64914772727252,507.51770466890775,851.975164240057,180.30184196652144,7272434.767489936,.\15\36 inch\test_36in_1600hz.wav
15,36,20000,52.91193181818183,19947.08806818182,11.292864981068496,54.27374822443198,14.869664246783941,44222.55424454617,.\15\36 inch\test_36in_20000hz.wav
15,36,200,178.97727272727275,21.022727272727252,25.09415213220276,70.82037908380698,1138.8853188792493,325546.2186380439,.\15\36 inch\test_36in_200hz.wav
15,36,3200,2864.1690340909095,335.83096590909054,281.6633929195669,453.697420987216,65.13569650871268,3787945.6624684236,.\15\36 inch\test_36in_3200hz.wav
15,36,400,357.9545454545455,42.045454545454504,91.89942889453859,173.66082208806802,460.47553950512815,1372340.4702400086,.\15\36 inch\test_36in_400hz.wav
15,36,6400,2271.4843750000005,4128.515625,17.377356294728962,76.84876598011351,7.6086214508561625,74122.37290888492,.\15\36 inch\test_36in_6400hz.wav
15,36,800,716.0866477272729,83.91335227272714,253.8052700146418,410.4233620383525,331.33730241325543,3796813.245184026,.\15\36 inch\test_36in_800hz.wav
15,4,100,89.48863636363637,10.511363636363626,25.80320551887056,99.96080433238649,4768.314359765839,332748.4811463742,.\15\4 inch\test_4in_100hz.wav
15,4,12800,52.73437500000001,12747.265625,11.094972191141574,63.198042436079504,2.0465993876011908,24535.58376104871,.\15\4 inch\test_4in_12800hz.wav
15,4,1600,1431.9957386363637,168.00426136363626,2428.563099985313,3783.2450062144885,634.6796897319838,35562798.51643713,.\15\4 inch\test_4in_1600hz.wav
15,4,20000,27.69886363636364,19972.301136363636,10.102153776766357,44.301069779829504,76.14513616247362,27182.481668954548,.\15\4 inch\test_4in_20000hz.wav
15,4,200,178.97727272727275,21.022727272727252,74.84849719589276,141.14825994318198,1613.7648114545632,1100559.5846819347,.\15\4 inch\test_4in_200hz.wav
15,4,3200,2863.9914772727275,336.0085227272725,1636.6831091000363,2467.2725053267045,404.82086024966486,24366347.746902253,.\15\4 inch\test_4in_3200hz.wav
15,4,400,357.9545454545455,42.045454545454504,252.0606505906808,417.539151278409,400.964183849882,3555364.086669025,.\15\4 inch\test_4in_400hz.wav
15,4,6400,52.73437500000001,6347.265625,11.098707600858612,41.32839133522748,14.668786705619368,45521.519726857965,.\15\4 inch\test_4in_6400hz.wav
15,4,800,715.909090909091,84.09090909090901,710.083332354117,1050.5429465553975,243.73402707753937,9684203.959345464,.\15\4 inch\test_4in_800hz.wav
15,8,100,89.48863636363637,10.511363636363626,17.725952100969074,67.43816583806802,1137.9290152285575,182021.49115227163,.\15\8 inch\test_8in_100hz.wav
15,8,12800,27.876420454545457,12772.123579545454,12.910393896722608,67.43474786931802,20.372707512747525,31916.577335284157,.\15\8 inch\test_8in_12800hz.wav
15,8,1600,1432.1732954545457,167.82670454545428,739.9736191040186,1432.4730335582385,32.431637248900515,10273210.671330577,.\15\8 inch\test_8in_1600hz.wav
15,8,20000,27.876420454545457,19972.123579545456,12.782487310075924,50.92538174715901,62.9159362394812,31414.440846691596,.\15\8 inch\test_8in_20000hz.wav
15,8,200,179.15482954545456,20.84517045454544,36.760032797533256,100.24793590198851,1662.4680465405443,474621.0025878163,.\15\8 inch\test_8in_200hz.wav
15,8,3200,2864.1690340909095,335.83096590909054,448.9819730267439,864.0580610795455,32.18530472711951,6841684.514084673,.\15\8 inch\test_8in_3200hz.wav
15,8,400,358.1321022727273,41.86789772727269,116.0312034565541,223.6004527698865,322.25328714625186,1717276.4902358628,.\15\8 inch\test_8in_400hz.wav
15,8,6400,2270.4190340909095,4129.58096590909,14.571512460731721,61.93326083096599,34.73945982400255,73076.67181278796,.\15\8 inch\test_8in_6400hz.wav
15,8,800,716.0866477272729,83.91335227272714,342.6558333034006,535.9024769176135,287.5299802354692,5240476.555641357,.\15\8 inch\test_8in_800hz.wav
