name,id,audio_filename,sample_rate_hz,file_duration_seconds,active_intervals_seconds,total_active_duration_seconds,active_call_rms_linear,active_call_rms_dbfs,peak_frequency_hz,median_frequency_hz,spectral_centroid_hz,detected_low_hz,detected_high_hz,detected_bandwidth_hz,suggested_filter_low_hz,suggested_filter_high_hz,final_filter_low_hz,final_filter_high_without_harmonics_hz,final_filter_high_with_harmonics_hz,harmonic_test_required,decision_notes,plot_file,status,error
American Robin,ML168300,American Robin.wav,44100,10,0.550-4.900;7.600-10.000,6.75,0.071771554,-22.88095299,2890,2760,2763.021756,2050,3490,1440,1550,3990,1550,4000,15000,yes,,Frequency Range Results\spectrograms\American_Robin_frequency_range.png,OK,
Anna's Hummingbird,ML197952,Anna's Hummingbird.wav,44100,10,1.500-9.700,8.2,0.041450461,-27.64941268,6850,6900,7196.876444,3820,12770,8950,3320,13270,3000,8700,15000,yes,,Frequency Range Results\spectrograms\Anna_s_Hummingbird_frequency_range.png,OK,
Barn Sparrow,ML63124,Barn Sparrow.wav,44100,10,0.300-9.200,8.9,0.023483382,-32.58478715,4210,4100,4012.332694,1730,6320,4590,1230,6820,1230,6850,13500,yes,,Frequency Range Results\spectrograms\Barn_Sparrow_frequency_range.png,OK,
Bewick's Wren,ML191106,Bewick's Wren.wav,44100,10,0.600-3.000,2.4,0.053798551,-25.38458837,4150,4230,4529.097399,3460,6300,2840,2960,6800,2860,7000,14000,yes,,Frequency Range Results\spectrograms\Bewick_s_Wren_frequency_range.png,OK,
Black Phoebe,ML182034971,Black Phoebe.wav,48000,10,0.700-1.100;1.850-2.200;3.350-3.800;4.750-5.200;6.750-7.100;8.150-8.600;9.500-9.900,2.85,0.072096309,-22.84173938,5770,5680,5542.472233,4470,5990,1520,3970,6490,3600,6400,15000,yes,,Frequency Range Results\spectrograms\Black_Phoebe_frequency_range.png,OK,
California Towhee,ML187038,California Towhee.wav,44100,10,0.200-1.550;6.400-7.850,2.8,0.036557765,-28.74040723,4890,4930,4928.965837,2790,5880,3090,2290,6380,2100,8000,14000,yes,,Frequency Range Results\spectrograms\California_Towhee_frequency_range.png,OK,
Dark-eyed Junco,ML27611071,Dark-eyed Junco.wav,96000,10,0.950-2.700;6.700-8.550,3.6,0.065162644,-23.720026,4370,4340,4348.759784,3200,5790,2590,2700,6290,2700,6700,,no,,Frequency Range Results\spectrograms\Dark-eyed_Junco_frequency_range.png,OK,
European Starling,ML14861,European Starling.wav,44100,10,0.400-10.000,9.6,0.025523621,-31.86115427,6780,6650,6072.939938,200,8080,7880,100,8580,800,8600,,no,,Frequency Range Results\spectrograms\European_Starling_frequency_range.png,OK,
Hooded Oriole,ML245074981,Hooded Oriole.wav,44100,10,0.650-2.000;3.900-4.900;5.350-8.400;9.000-9.850,6.25,0.051980645,-25.68316665,3470,3470,3591.790401,1890,5630,3740,1390,6130,1390,5700,12000,yes,,Frequency Range Results\spectrograms\Hooded_Oriole_frequency_range.png,OK,
House Finch,ML22938,House Finch.wav,44100,10,0.450-3.150;5.450-8.000,5.25,0.114850096,-18.79737276,3740,3550,3545.706675,2620,5020,2400,2120,5520,2120,5500,14500,yes,,Frequency Range Results\spectrograms\House_Finch_frequency_range.png,OK,
House Sparrow,ML138707321,House Sparrow.wav,48000,10,0.000-0.152;0.312-0.592;0.692-0.992;1.242-1.492;1.692-1.942;2.082-2.342;2.592-2.842;3.022-3.292;3.442-3.792;3.992-4.292;4.592-4.892;5.142-5.392;5.492-5.800;5.942-6.142;6.292-6.592;6.742-7.012;7.242-7.500;7.722-8.100;8.192-8.492;8.812-9.050;9.150-9.442;9.542-9.842,6.056,0.088629895,-21.04839532,3940,4200,4245.319404,2490,5830,3340,1990,6330,1990,6800,15000,yes,,Frequency Range Results\spectrograms\House_Sparrow_frequency_range.png,OK,
Lesser Goldfinch,ML219156941,Lesser Goldfinch.wav,48000,10,0.000-4.542;5.142-9.992,9.392,0.103607866,-19.69214542,5700,5330,5157.788756,2980,7480,4500,2480,7980,2000,8000,15000,yes,,Frequency Range Results\spectrograms\Lesser_Goldfinch_frequency_range.png,OK,
Mourning Dove,ML166991841,Mourning Dove.wav,96000,10,2.000-3.450;3.700-4.600;4.900-5.400;5.550-6.400;7.000-7.100;7.300-8.100,4.6,0.066661378,-23.52251424,480,480,474.9791465,420,600,180,100,1100,100,1000,,no,,Frequency Range Results\spectrograms\Mourning_Dove_frequency_range.png,OK,
Northern House Wren,ML107106211,Northern House Wren.wav,48000,10,0.300-3.100;5.300-8.800,6.3,0.077392954,-22.22597148,4110,4200,4391.643795,2620,7430,4810,2120,7930,2120,8000,15000,yes,,Frequency Range Results\spectrograms\Northern_House_Wren_frequency_range.png,OK,
Northern Mockingbird,ML534473,Northern Mockingbird.wav,44100,10,0.000-0.450;1.350-2.550;4.150-5.300;6.000-7.450;8.320-9.280,5.21,0.131774978,-17.60334098,3500,3270,3299.256332,2580,4600,2020,2080,5100,2080,5150,15000,yes,,Frequency Range Results\spectrograms\Northern_Mockingbird_frequency_range.png,OK,
Northern Yellow Warbler,ML57524601,Northern Yellow Warbler.wav,96000,10,4.650-6.100,1.45,0.123233084,-18.18545362,5950,5910,5905.85563,4270,7640,3370,3770,8140,3770,8200,15000,yes,,Frequency Range Results\spectrograms\Northern_Yellow_Warbler_frequency_range.png,OK,
Oak Titmouse,ML88772,Oak Titmouse.wav,44100,10,0.200-1.500;3.400-4.400;6.650-8.100;9.100-10.000,4.65,0.045021341,-26.93163148,3920,3820,3662.48876,2320,4310,1990,1820,4810,1800,4760,12000,yes,,Frequency Range Results\spectrograms\Oak_Titmouse_frequency_range.png,OK,
Rock Pigeon,ML44449551,Rock Pigeon.wav,48000,10,0.100-1.150;2.500-3.250;5.200-6.100;7.900-8.900,3.7,0.108138844,-19.32036556,370,370,379.5613046,190,510,320,100,1010,100,1010,,no,,Frequency Range Results\spectrograms\Rock_Pigeon_frequency_range.png,OK,
Song Sparrow,ML43973911,Song Sparrow.wav,48000,10,3.000-5.650,2.65,0.105276539,-19.55336801,7240,5510,5440.304913,3140,7260,4120,2640,7760,2000,7760,15000,yes,,Frequency Range Results\spectrograms\Song_Sparrow_frequency_range.png,OK,
Spotted Towhee,ML55077,Spotted Towhee.wav,44100,10,0.200-1.500;6.100-7.450,2.65,0.090847289,-20.83376052,4460,4460,4670.151399,3250,6780,3530,2750,7280,2200,8100,15000,yes,,Frequency Range Results\spectrograms\Spotted_Towhee_frequency_range.png,OK,
